{
    "mAP@0.5": 0.7977585881733581,
    "mAP@0.5:0.95": 0.6053899690753142,
    "Precision": 0.7502939689724565,
    "Recall": 0.6074626865671642
}